IdPlan|Alimento|CantidadDiaria|UnidadMedida|IdInsumo|Observaciones
1|Melaza de caña|2.500|kg||Mezclada con agua
1|Sal mineralizada|0.080|kg||Bloque mineral libre acceso
1|Heno de raigrás|8.000|kg||Suplemento fibra época seca
2|Torta de soya|1.200|kg||Fuente proteína novillos
2|Maíz molido|3.500|kg||Energía para engorde
2|Sal mineralizada|0.080|kg||
3|Concentrado lactante|4.000|kg||Vacas en producción >15 L/día
3|Melaza de caña|1.500|kg||Palatabilidad
3|Harina de algodón|1.000|kg||Proteína bypass
